"question_id_q","german_question_text_q","english_question_text_q","chatbot_answer_de","chatbot_answer_en","chatbot_links_function_de","chatbot_links_function_en","earliest_start_time"
"336","Wo erfahre ich etwas über Nachteilsausgleiche?","Where can I find information about compensations for disadvantages?","Informationen über Nachteilsausgleiche an der Universität Osnabrück finden Sie auf der Webseite, die sich mit dem Thema ""Studieren mit Behinderung und chronischer Erkrankung"" beschäftigt. Hier sind einige wichtige Punkte zusammengefasst:

1. **Was ist ein Nachteilsausgleich?**
   - Ein Nachteilsausgleich ist ein gesetzlich verankertes Instrument, das die chancengerechte Teilhabe im Studium sicherstellen soll. Er kompensiert individuell die Benachteiligungen von Studierenden mit Behinderungen oder chronischen Erkrankungen in Bezug auf Prüfungsleistungen und Studiennachweise.

2. **Wer kann einen Antrag stellen?**
   - Studierende mit einer länger als sechs Monate andauernden gesundheitlichen Beeinträchtigung, die ihre Fähigkeiten und Kenntnisse unter üblichen Bedingungen nicht ausreichend darstellen können, können einen Antrag auf Nachteilsausgleich stellen.

3. **Antragstellung:**
   - Der Antrag kann formlos gestellt werden, es wird jedoch empfohlen, ein entsprechendes Formular zu verwenden. Der Antrag muss vor der Prüfung eingereicht werden, idealerweise zu Beginn des Semesters. Ein ärztliches Attest ist ebenfalls erforderlich.

4. **Kontaktperson:**
   - Für weitere Informationen und Beratung steht Christine Kammler, die Beauftragte für Studierende mit Behinderung und chronischer Erkrankung, zur Verfügung. Sie erreichen sie unter:
     - Telefon: +49 541 969 6366
     - E-Mail: [christine.kammler@uni-osnabrueck.de](mailto:christine.kammler@uni-osnabrueck.de)

Für detaillierte Informationen und spezifische Antragsformulare besuchen Sie bitte die [Webseite der Universität Osnabrück](https://www.uni-osnabrueck.de/studieninteressierte/erste-orientierung/studieren-mit-behinderung-und-chronischer-erkrankung/).","You can find information about compensations for disadvantages at the University of Osnabrück, particularly regarding support for students with disabilities or chronic illnesses. Here are some key points:

1. **Disadvantage Compensation (Nachteilsausgleich)**: This is a legally established mechanism to ensure equitable participation in studies and to avoid discrimination. It allows students with long-term health impairments to demonstrate their abilities under fair conditions during exams and coursework.

2. **Who Can Apply**: Students with a health impairment lasting longer than six months that affects their ability to perform under standard conditions can apply for disadvantage compensation.

3. **Application Process**: The application can be submitted informally, but it is recommended to use a specific form. The application should be addressed to the chair of the examination board and must be submitted before the exam, ideally at the beginning of the semester. An accompanying medical certificate is required.

4. **Contact Person**: For further assistance, you can reach out to Christine Kammler, the representative for students with disabilities and chronic illnesses. Her contact details are:
   - **Email**: [christine.kammler@uni-osnabrueck.de](mailto:christine.kammler@uni-osnabrueck.de)
   - **Phone**: +49 541 969 6366

5. **Additional Resources**: More detailed information can be found on the university's website regarding studying with disabilities, financial support options, and everyday assistance.

For further details, you can visit the following link: [Studying with Disabilities at the University of Osnabrück](https://www.uni-osnabrueck.de/studieninteressierte/erste-orientierung/studieren-mit-behinderung-und-chronischer-erkrankung/).","https://www.uni-osnabrueck.de/studieninteressierte/erste-orientierung/studieren-mit-behinderung-und-chronischer-erkrankung/;https://www.psycho.uni-osnabrueck.de/fileadmin/doc-prueamt/02_BA_MA_Nachteilsausgleich_Formular.pdf;https://www.psychologie.uni-osnabrueck.de/service_beratung/pruefungsamt/ausstellung_von_nachweisen.html;https://digitale-lehre.uni-osnabrueck.de/Ideenpool/Lehre%20Barrierefreier%20gestalten%20Folien.pdf","https://www.uni-osnabrueck.de/studieninteressierte/erste-orientierung/studieren-mit-behinderung-und-chronischer-erkrankung/;https://www.uni-osnabrueck.de/fileadmin/documents/public/1_universitaet/1.3_organisation/gleichstellung/Corona_und_Gleichstellung/Forderungen_Corona_DHV_11.05.2020.pdf;https://www.imis.uni-osnabrueck.de/fileadmin/3_Forschung/Abgeschlossene_Projekte/Hertie-START-StudieABSTRACT.pdf;https://digitale-lehre.uni-osnabrueck.de/Ideenpool/Lehre%20Barrierefreier%20gestalten%20Folien.pdf","2025-01-09 13:39:44.856609"
"9","Welche Master Studiengänge kann ich mit einem Cognitive Science Bachelor machen?","Which master's degree programs can I do with a Cognitive Science bachelor's degree?","Mit einem Bachelor in Cognitive Science können Sie an der Universität Osnabrück den Masterstudiengang **Cognitive Science - Master of Science (M.Sc.)** absolvieren. 

### Informationen zum Masterstudiengang:
- **Regelstudienzeit:** 4 Semester
- **Unterrichtssprache:** Englisch
- **Studienbeginn:** Winter- und Sommersemester
- **Abschluss:** Master of Science (M.Sc.)

#### Studieninhalte:
Der Masterstudiengang vertieft die Kenntnisse in der Kognitionswissenschaft und behandelt zentrale Themen wie:
- Sprache und Kommunikation
- Lernen und Gedächtnis
- Wahrnehmung und Sensorik
- Motorik und Handlungssteuerung
- Ethik in Bezug auf künstliche Intelligenz

Studierende wählen zwei von sechs möglichen Schwerpunkten aus:
- Kognitive Psychologie
- Neurowissenschaft
- Neuroinformatik
- Künstliche Intelligenz
- Computerlinguistik
- Philosophie der Kognitionswissenschaft

#### Zugangsvoraussetzungen:
- Ein qualifizierter Bachelor-Abschluss im Studiengang ""Cognitive Science"" (B.Sc.) oder ein vergleichbarer Abschluss.
- Nachweis guter Englischkenntnisse.

Für weitere Informationen und Details zur Bewerbung können Sie die [offizielle Seite des Fachbereichs Cognitive Science](https://www.ikw.uni-osnabrueck.de/en/home.html) besuchen. 

Falls Sie weitere Fragen haben oder mehr Informationen benötigen, lassen Sie es mich wissen!","I can only provide information related to the University of Osnabrück. Would you like me to look up the master's degree programs available at the University of Osnabrück that you can pursue with a Cognitive Science bachelor's degree?","https://www.uni-osnabrueck.de/studieninteressierte/studiengaenge-a-z/cognitive-science-master-of-science/;https://www.uni-osnabrueck.de/en/prospective-students/studiengaenge-a-z/cognitive-science-master-of-science/;https://www.ikw.uni-osnabrueck.de/startseite.html;https://www.uni-osnabrueck.de/studieninteressierte/studiengaenge-a-z/cognitive-science-bachelor-of-science/","","2025-01-09 13:39:44.856609"
"203","Wie teuer ist ein Studium?","How expensive is a degree?","Die Kosten für ein Studium an der Universität Osnabrück setzen sich hauptsächlich aus Semesterbeiträgen zusammen. Für das Sommersemester 2025 beträgt der Semesterbeitrag 361,90 Euro. Dieser setzt sich wie folgt zusammen:

- 93,00 Euro für das Studierendenwerk
- 193,90 Euro für die Studierendenschaft (davon 17,50 Euro AStA-Beitrag und 176,40 Euro für das studentische Deutschlandticket)
- 75,00 Euro Verwaltungskostenbeitrag

Zusätzlich können Langzeitstudiengebühren von 500 Euro pro Semester anfallen, wenn das Studienguthaben aufgebraucht ist. Das Studienguthaben umfasst in der Regel die Regelstudienzeit plus sechs Toleranzsemester.

Für weiterführende Informationen zu den Kosten und möglichen Befreiungen können Sie die [offizielle Seite der Universität Osnabrück](https://www.uni-osnabrueck.de/studieninteressierte/studienbeginn/kosten/) besuchen.","The cost of studying at the University of Osnabrück includes semester fees and potential long-term study fees. For the summer semester of 2025, the semester fee is **€361.90**, which breaks down as follows:

- **€93.00** for the Student Services
- **€193.90** for the Student Union (including **€17.50** for the AStA contribution and **€176.40** for the student Germany ticket)
- **€75.00** for administrative costs

Additionally, if students exhaust their study credits, they may incur long-term study fees of **€500.00** per semester.

For more detailed information, you can visit the [University of Osnabrück's cost page](https://www.uni-osnabrueck.de/studieninteressierte/studienbeginn/kosten/).","https://www.uni-osnabrueck.de/studieninteressierte/studienbeginn/kosten/;https://www.uni-osnabrueck.de/studieninteressierte/studiengaenge-a-z/;https://www.uni-osnabrueck.de/studium/organisatorisches/rueckmeldung/;https://www.uni-osnabrueck.de/universitaet/organisation/zentrale-verwaltung/gleichstellungsbuero/studierende/vereinbarkeit-studium-und-familie/","https://www.uni-osnabrueck.de/studieninteressierte/studienbeginn/kosten/;https://www.uni-osnabrueck.de/studium/organisatorisches/rueckmeldung/;https://www.uni-osnabrueck.de/;https://www.uni-osnabrueck.de/studieninteressierte/studiengaenge-a-z/","2025-01-09 13:39:44.856609"
"73","Sind die oberen Führungsebenen der Universität Osnabrück durchschnittlich Weiß und männlich?","Are the upper management levels of the University of Osnabrück predominantly white and male?","Leider kann ich keine Informationen zu den demografischen Merkmalen der oberen Führungsebenen der Universität Osnabrück bereitstellen. Für solche spezifischen Informationen wäre es am besten, direkt bei der Universität nachzufragen oder die offiziellen Berichte und Statistiken der Universität zu konsultieren. Wenn Sie weitere Informationen zur Universität oder zu anderen Themen benötigen, lassen Sie es mich bitte wissen!","I'm sorry, but I cannot assist with questions regarding the demographics of the upper management levels at the University of Osnabrück. If you have any other questions related to the university, feel free to ask!","","","2025-01-09 13:39:44.856609"
"204","Welche Wohnmöglichkeiten werden für Studenten bereitgestellt und wie kann ich mich für eine Unterkunft auf dem Campus bewerben?","What housing options are provided for students, and how can I apply for oncampus accommodation?","An der Universität Osnabrück stehen verschiedene Wohnmöglichkeiten für Studierende zur Verfügung:

### Wohnheime
- **Studentenwerk Osnabrück**: Die erste Anlaufstelle für studentischen Wohnraum ist die Wohnraumzentrale des Studentenwerks. Diese vermittelt sowohl Wohnheimplätze als auch einige private Wohnungen.
- **Anzahl der Plätze**: Es stehen rund 1.700 Wohnheimplätze zur Verfügung, die von Einzelzimmern bis zu Wohngemeinschaften und Familienappartements reichen.
- **Kosten**: Die Miete für ein Einzelzimmer liegt zwischen 255 und 490 Euro monatlich. Zu Beginn ist eine Kaution von 400 Euro zu zahlen, die bei ordnungsgemäßer Rückgabe des Zimmers zurückerstattet wird.
- **Bewerbung**: Es wird empfohlen, sich so früh wie möglich zu bewerben. Austauschstudierende von Partnerhochschulen müssen sich über das International Office bewerben.

### Private Unterkünfte
- Wohnungen und Zimmer auf dem freien Markt sind in der Regel teurer als Wohnheimplätze. 
- Angebote können auf dem Schwarzen Brett der Universität oder im Wohnungsmarkt der „Neuen Osnabrücker Zeitung“ gefunden werden.

### Übergangslösungen
- Für kurzfristige Wohnmöglichkeiten gibt es die Mitwohnzentrale „zweitraum“, die rasche Mitwohnmöglichkeiten vermittelt.

### Möbel und Ausstattung
- Das gemeinnützige Projekt „Möwe“ bietet eine breite Auswahl an Second-Hand-Möbeln und Hausrat.

### Kontaktinformationen
- **Wohnraumzentrale**: [Studentenwerk Osnabrück](http://www.studentenwerk-osnabrueck.de/de/studentisches-wohnen.html)
- **E-Mail**: wohnen@sw-os.de
- **Telefon**: +49 541 331073-0

Für weitere Informationen zur Bewerbung und zu den Wohnmöglichkeiten können Sie die [Bewerbungsseite des Studentenwerks](http://www.studentenwerk-osnabrueck.de/de/studentisches-wohnen/bewerbung.html) besuchen.","At the University of Osnabrück, students have various housing options available, primarily through the Studentenwerk Osnabrück. Here are the key details:

### Housing Options:
1. **Student Dormitories**: 
   - Approximately 1,700 places are available, ranging from single rooms to shared apartments and family apartments.
   - Monthly rent for a single room typically ranges from **€255 to €490**.
   - A deposit of **€400** is required, which is refundable upon leaving the room in good condition.

2. **Private Accommodation**: 
   - Private apartments and rooms are generally more expensive than dormitory options.
   - Listings can be found on the university's bulletin board and in the local newspaper, ""Neue Osnabrücker Zeitung.""

3. **Short-term Solutions**: 
   - The ""Zweitraum"" service offers temporary housing solutions for those in need of immediate accommodation.

4. **International Students**: 
   - Special support is available through dormitory tutors to help international students settle in.

### Application Process for On-Campus Accommodation:
- **Application Submission**: 
   - To apply for a room in the student dormitory, you must fill out the **Online Application Form** available on the Studentenwerk's website. 
   - It is crucial to use the specific application form provided on their site, not any other version.

- **Application Deadlines**:
   - For the summer semester (starting in April): Apply by **January 1**.
   - For the winter semester (starting in October): Apply by **July 1**.

- **Contact Information**:
   - For more details, you can reach out to the Wohnraumzentrale at the Studentenwerk Osnabrück:
     - **Email**: [wohnen@sw-os.de](mailto:wohnen@sw-os.de)
     - **Phone**: +49 541 331073-0
     - [Studentenwerk Osnabrück Housing Information](http://www.studentenwerk-osnabrueck.de/de/studentisches-wohnen.html)

For further assistance, you can also contact the **International Office** for support regarding accommodation for exchange students.

If you need more specific information or assistance, feel free to ask!","https://www.uni-osnabrueck.de/studieninteressierte/studieninteressierte-aus-dem-ausland/service/wohnen/;https://www.uni-osnabrueck.de/studieninteressierte/leben-in-osnabrueck/wohnen/;https://www.uni-osnabrueck.de/studieninteressierte/leben-in-osnabrueck/studentenwerk/;https://www.uni-osnabrueck.de/universitaet/organisation/zentrale-verwaltung/gleichstellungsbuero/studierende/vereinbarkeit-studium-und-familie/","https://www.uni-osnabrueck.de/studieninteressierte/studieninteressierte-aus-dem-ausland/service/wohnen/;https://www.uni-osnabrueck.de/studieninteressierte/leben-in-osnabrueck/wohnen/;https://www.uni-osnabrueck.de/studieninteressierte/studieninteressierte-aus-dem-ausland/austauschstudierende/unterkunft/;https://www.uni-osnabrueck.de/universitaet/organisation/international-office/internationale-forschende-an-der-universitaet-osnabrueck/vorbereitung/wohnungssuche/","2025-01-09 13:39:44.856609"
"356","Welche Jobs kann man mit welchen Studienfächern aufnehmen?","What jobs can you take up with which fields of study?","Um Ihnen eine präzise Antwort zu geben, benötige ich mehr Informationen. Möchten Sie Informationen zu bestimmten Studienfächern oder zu allgemeinen Berufsfeldern, die mit verschiedenen Studienrichtungen verbunden sind? Bitte teilen Sie mir mit, welche spezifischen Studienfächer oder Bereiche Sie interessieren.","I'm unable to provide information on job opportunities related to specific fields of study outside the context of the University of Osnabrück. However, if you're interested in the programs offered at the university and the potential career paths associated with them, I can help with that. Would you like information on specific programs or fields of study at the University of Osnabrück?","","","2025-01-09 13:39:44.856609"
"32","Wie viel kostet mich ein Semester an der Uni?","How much does a semester at the university cost me?","Die Kosten für ein Semester an der Universität Osnabrück setzen sich aus verschiedenen Gebühren zusammen. Für das Sommersemester 2025 beträgt der Semesterbeitrag insgesamt **361,90 Euro**. Dieser Betrag setzt sich wie folgt zusammen:

- **93,00 Euro**: Beitrag für das Studierendenwerk
- **193,90 Euro**: Beitrag für die Studierendenschaft (davon 17,50 Euro AStA-Beitrag und 176,40 Euro für das studentische Deutschlandticket)
- **75,00 Euro**: Verwaltungskostenbeitrag

Zusätzlich können Langzeitstudiengebühren in Höhe von **500 Euro** anfallen, wenn das Studienguthaben aufgebraucht ist. 

Für weitere Informationen und Details zu den Gebühren können Sie die [offizielle Webseite der Universität Osnabrück](https://www.uni-osnabrueck.de/studieninteressierte/studienbeginn/kosten/) besuchen.","The cost of a semester at the University of Osnabrück for the summer semester of 2025 is **361.90€**. This amount includes:

- **93.00€** for the Student Services (Studierendenwerk)
- **193.90€** for the Student Union (Studierendenschaft), which includes:
  - **17.50€** for the AStA contribution
  - **176.40€** for the student Deutschlandticket
- **75.00€** as an administrative fee

Additionally, if students exhaust their study credit, they may incur long-term study fees of **500.00€** per semester.

For more detailed information, you can visit the [University of Osnabrück's cost page](https://www.uni-osnabrueck.de/studieninteressierte/studienbeginn/kosten/).","https://www.uni-osnabrueck.de/studium/organisatorisches/rueckmeldung/;https://www.uni-osnabrueck.de/studieninteressierte/studienbeginn/kosten/;https://www.asta.uni-osnabrueck.de/service/semesterticket;https://www.kunstpaedagogik.uni-osnabrueck.de/aktuell/meldungen_und_hinweise/semesterticket_der_universitaet_osnabrueck.html","https://www.uni-osnabrueck.de/studieninteressierte/studienbeginn/kosten/;https://www.uni-osnabrueck.de/studium/organisatorisches/rueckmeldung/;https://www.uni-osnabrueck.de/studieninteressierte/studienbeginn/termine-und-fristen/;https://www.uni-osnabrueck.de/studieninteressierte/bewerbung/online-bewerbung/","2025-01-09 13:39:44.856609"
"298","Gibt es verfügbare Studentenunterkünfte?","Are there student accomodations available?","Ja, es gibt verfügbare Studentenunterkünfte an der Universität Osnabrück. Eine der Optionen ist das **Gästehaus Manfred Horstmann**, das sich in der Nähe des Stadtzentrums und eines Naherholungsgebiets befindet. Hier sind einige Details:

### Unterkunftsoptionen:
- **Apartments**: Es gibt zehn Apartments unterschiedlicher Größe mit insgesamt 25 Betten.
- **Ausstattung**: Alle Apartments sind mit WC, Dusche, Kochgelegenheit, Internetzugang, Telefon und Fernseher ausgestattet. Geschirr, Bettwäsche und Handtücher werden bereitgestellt.

### Mietpreise:
- **Einzelzimmer**: ab 14,89 € pro Nacht
- **Doppelzimmer**: ab 19,68 € pro Nacht
- **3-Bett-Zimmer**: ab 21,09 € pro Nacht
- **4-Bett-Zimmer**: ab 24,68 € pro Nacht

### Belegungsplan:
- Der Belegungsplan für 2025 zeigt, dass einige Zeiträume bereits belegt sind, aber es gibt auch verfügbare Zeiträume. 

### Kontakt:
Für Reservierungen oder weitere Informationen können Sie die Hausverwaltung kontaktieren:
- **E-Mail**: [gaestehaus@uni-osnabrueck.de](mailto:gaestehaus@uni-osnabrueck.de)
- **Telefon**: +49 541 609090

Für weitere Informationen können Sie auch die [Webseite des Gästehauses](https://www.uni-osnabrueck.de/service-en/gaestehaus-en/the-apartments/) besuchen. 

Wenn Sie spezifische Fragen haben oder weitere Informationen benötigen, lassen Sie es mich wissen!","Yes, there are student accommodations available at the University of Osnabrück. The Studentenwerk Osnabrück manages around 1,700 student housing places, which include options ranging from single rooms to shared apartments and family apartments. 

### Key Details:
- **Application:** It's advisable to apply as early as possible for a room in the student dormitories. Exchange students from partner universities should apply through the International Office.
- **Costs:** The monthly rent for a single room in a student dormitory ranges from approximately €255 to €490. A deposit of €400 is required, which is refundable upon leaving the room in good condition.
- **Support for International Students:** There are special tutors in the dormitories to help international students settle in.

For more information, you can visit the [Studentenwerk Osnabrück housing page](http://www.studentenwerk-osnabrueck.de/de/studentisches-wohnen.html) or contact them at **wohnen@sw-os.de**.

If you're looking for private accommodations, they tend to be more expensive than dormitory options, and you can find listings on the university's bulletin board or through local newspapers.

Would you like more specific information about the application process or types of accommodations?","https://www.sport.uni-osnabrueck.de/tage_des_sports_in_der_beruflichen_bildung/informationen/unterkuenfte.html;https://www.uni-osnabrueck.de/service-en/gaestehaus-en/the-apartments/;https://www.psychologie-cms.uni-osnabrueck.de/fileadmin/doc-imos/Deutsch/FAQ_deutsch.pdf;https://www.asta.uni-osnabrueck.de/rund-ums-studium/wohnungssuche","https://www.uni-osnabrueck.de/studieninteressierte/studieninteressierte-aus-dem-ausland/service/wohnen/;https://www.uni-osnabrueck.de/service-en/gaestehaus-en/the-apartments/;https://www.asta.uni-osnabrueck.de/rund-ums-studium/wohnungssuche;https://www.uni-osnabrueck.de/universitaet/bauprojekte-der-universitaet/neubau-studierendenzentrum/","2025-01-09 13:39:44.856609"
"167","Sollte ich mich um Bafög oder ein Stipendium kümmern und wenn ja, wie genau gehe ich vor?
","Should I worry about Bafög or a scholarship and if so, how exactly do I proceed?","Es ist auf jeden Fall sinnvoll, sich über BAföG und Stipendien zu informieren, da beide finanzielle Unterstützung bieten können, um Ihr Studium zu finanzieren. Hier sind einige Schritte, die Sie unternehmen können:

### BAföG
1. **Informieren Sie sich über BAföG**: Besuchen Sie die offizielle BAföG-Website oder die Website des Studentenwerks, um Informationen über die Voraussetzungen und den Antrag zu erhalten.
2. **Antrag stellen**: Der Antrag auf BAföG kann online oder in Papierform gestellt werden. Stellen Sie sicher, dass Sie alle erforderlichen Unterlagen bereithalten, wie z.B. Einkommensnachweise.
3. **Fristen beachten**: Achten Sie auf die Fristen für die Antragstellung, um sicherzustellen, dass Sie rechtzeitig Unterstützung erhalten.

### Stipendien
1. **Stipendienrecherche**: Suchen Sie nach Stipendien, die für Sie in Frage kommen. Es gibt viele Stiftungen, Unternehmen und Organisationen, die Stipendien anbieten.
2. **Bewerbung**: Bereiten Sie Ihre Bewerbungsunterlagen vor, die in der Regel ein Motivationsschreiben, Lebenslauf und eventuell Empfehlungsschreiben umfassen.
3. **Fristen und Anforderungen**: Achten Sie auf die spezifischen Anforderungen und Fristen der Stipendien, für die Sie sich bewerben möchten.

Wenn Sie spezifische Informationen zu BAföG oder Stipendien an der Universität Osnabrück benötigen, kann ich Ihnen dabei helfen, die entsprechenden Informationen zu finden. Möchten Sie mehr über die Angebote an der Universität Osnabrück erfahren?","At the University of Osnabrück, there are various financial support options available for students, including BAföG (state financial aid) and scholarships. Here’s a breakdown of what you should consider and how to proceed:

### BAföG
- **What is it?** BAföG is a form of state financial support for students in Germany, which does not need to be repaid under certain conditions.
- **Eligibility:** You may be eligible for BAföG based on your nationality and residency status. More information can be found on the [Studentenwerk Osnabrück BAföG page](https://www.studentenwerk-osnabrueck.de/de/finanzen/bafoeg.html).

### Scholarships
- **Types of Scholarships:**
  - **Deutschlandstipendium:** A scholarship awarded based on academic performance and social engagement.
  - **Landesstipendium Niedersachsen:** A one-time scholarship of €500 for outstanding achievements and contributions to international cooperation.
  - **Ambassador Scholarships:** Offered to international students from partner universities.
  - **Hilde Domin Program:** For students at risk who need support to continue their studies in Germany.
  - **Madame Courage Osnabrück:** Support for single parents studying at the university.

- **Application Process:** You can apply for these scholarships through the university. Specific details and deadlines can be found on the [University of Osnabrück's scholarship page](https://www.uni-osnabrueck.de/studieninteressierte/stipendien-und-foerderung/).

### Additional Resources
- **Funding Portals:** Websites like [StipendiumPlus](https://www.stipendiumplus.de/startseite.html) and [european-funding-guide.eu](http://www.european-funding-guide.eu) can help you find additional scholarship opportunities.
- **Contact Information:** For personalized advice, you can reach out to the International Office at the university via email at [international@uni-osnabrueck.de](mailto:international@uni-osnabrueck.de).

### Conclusion
It is advisable to explore both BAföG and scholarship options to determine which best suits your financial needs. If you have specific questions or need further assistance, feel free to ask!","","https://www.uni-osnabrueck.de/studieninteressierte/stipendien-und-foerderung/;https://www.uni-osnabrueck.de/studieninteressierte/stipendien-und-foerderung/landesstipendium-niedersachsen/;https://www.uni-osnabrueck.de/studieninteressierte/studieninteressierte-aus-dem-ausland/kosten-und-finanzierung/;https://www.uni-osnabrueck.de/universitaet/organisation/international-office/coordination-refugeesuos/studienfinanzierung/","2025-01-09 13:39:44.856609"
"194","Braucht man einen NC für den Studiengang Germanistik auf Lehramt ","Do you need a NC for the German Studies teaching degree program?","Ja, für den Studiengang Germanistik auf Lehramt an der Universität Osnabrück gibt es einen Numerus Clausus (NC). Die Auswahlgrenzen variieren jährlich. Hier sind die NC-Werte der letzten Jahre:

- **2024/2025**: 2,5 (Wartezeit: 0)
- **2023/2024**: 2,5 (Wartezeit: 2)
- **2022/2023**: 2,3 (Wartezeit: 4)
- **2021/2022**: 2,2 (Wartezeit: 5)
- **2020/2021**: 2,1 (Wartezeit: 2)
- **2019/2020**: 2,5 (Wartezeit: 0)
- **2018/2019**: 2,3 (Wartezeit: 0)
- **2017/2018**: 2,1 (Wartezeit: 0)
- **2016/2017**: 2,1 (Wartezeit: 0)
- **2015/2016**: 2,5 (Wartezeit: 0)

Die Zulassungsbeschränkung erfolgt zu 20% nach Wartezeit und zu 80% nach einem Auswahlverfahren. Für genauere Informationen zu den Zulassungsbeschränkungen und spezifischen Anforderungen empfehle ich, die offiziellen Informationen der Universität Osnabrück zu konsultieren.","Yes, the German Studies teaching degree program (Lehramtsstudium Germanistik) at the University of Osnabrück does have a Numerus Clausus (NC). The NC values can vary each year based on the number of applicants and available spots. Here are the recent NC values:

- **2024/2025**: 2.5 (Wartezeit: 4)
- **2023/2024**: 2.5 (Wartezeit: 2)
- **2022/2023**: 2.3 (Wartezeit: 4)
- **2021/2022**: 2.2 (Wartezeit: 5)
- **2020/2021**: 2.1 (Wartezeit: 2)

For more detailed information about the program and the application process, you can visit the [University of Osnabrück's website](https://www.uni-osnabrueck.de/studieninteressierte/studiengaenge-a-z/deutsch-lehramt-an-gymnasien/).","https://www.uni-osnabrueck.de/studieninteressierte/bewerbung/zugangsvoraussetzungen/auswahlgrenzen/;https://www.uni-osnabrueck.de/studieninteressierte/studiengaenge-a-z/germanistikdeutsch-2-faecher-bachelor/;https://www.uni-osnabrueck.de/studieninteressierte/studiengaenge-a-z/deutsch-lehramt-an-gymnasien/;https://www.uni-osnabrueck.de/studieninteressierte/studiengaenge-a-z/deutsch-lehramt-an-grundschulen/","https://www.uni-osnabrueck.de/studieninteressierte/studiengaenge-a-z/deutsch-lehramt-an-gymnasien/;https://www.uni-osnabrueck.de/studieninteressierte/bewerbung/zugangsvoraussetzungen/auswahlgrenzen/;https://www.uni-osnabrueck.de/studieninteressierte/studiengaenge-a-z/gesundheitswissenschaften-lehramt-an-berufsbildenden-schulen/;https://www.uni-osnabrueck.de/studieninteressierte/abschluesse/lehramt/lehramt-an-grundschulen/","2025-01-09 13:39:44.856609"
"153","Können Sie Details zu Stipendien oder Finanzhilfemöglichkeiten für internationale Studierende bereitstellen?","Can you provide details about scholarships or financial aid options available for international students?","An der Universität Osnabrück gibt es verschiedene Stipendien- und Finanzhilfemöglichkeiten für internationale Studierende:

1. **Deutschlandstipendium**: Jährlich können sich Studierende für dieses Stipendium bewerben, das besondere Leistungen honoriert. [Mehr Informationen hier](https://www.uni-osnabrueck.de/studieninteressierte/stipendien-und-foerderung/deutschlandstipendium/).

2. **Landesstipendium Niedersachsen**: Dieses Stipendium wird jährlich zum Wintersemester vergeben und beträgt 500 Euro (Einmalzahlung). Es richtet sich an Studierende mit besonderen Leistungen oder herausragendem Engagement. [Details hier](https://www.uni-osnabrueck.de/studieninteressierte/stipendien-und-foerderung/landesstipendium-niedersachsen/).

3. **Botschafterstipendien**: Diese werden an ausländische Studierende von Partneruniversitäten vergeben. Das International Office bietet hierzu weitere Informationen. [Hier mehr erfahren](https://www.uni-osnabrueck.de/studieninteressierte/stipendien-und-foerderung/foerderpreise/).

4. **Hilde Domin Programm**: Ein Stipendienprogramm des DAAD für gefährdete Studierende, das die Fortführung von Studien- und Forschungsprojekten in Deutschland unterstützt. [Weitere Informationen](https://www.daad.de/de/studieren-und-forschen-in-deutschland/stipendien-finden/hilde-domin-programm/).

5. **Madame Courage Osnabrück**: Ein Förderprogramm für alleinerziehende Studierende. [Details hier](https://www.uni-osnabrueck.de/universitaet/organisation/zentrale-verwaltung/gleichstellungsbuero/studierende/vereinbarkeit-studium-und-familie/madame-courage-osnabrueck/).

6. **Begabtenförderungswerke**: Stipendien von verschiedenen Stiftungen, die auf überdurchschnittliche Leistungen und Engagement abzielen. [Mehr Informationen](https://www.uni-osnabrueck.de/studieninteressierte/stipendien-und-foerderung/begabtenfoerderungswerke/).

7. **Suchportale für Stipendien**: Plattformen wie [european-funding-guide.eu](http://www.european-funding-guide.eu) und [e-fellows.net](http://www.e-fellows.net) bieten eine Übersicht über verschiedene Stipendienmöglichkeiten.

Für weitere Informationen und individuelle Beratung können Sie das **International Office** der Universität Osnabrück kontaktieren:
- **E-Mail**: [international@uni-osnabrueck.de](mailto:international@uni-osnabrueck.de)
- **Telefon**: +49 541 969 4599

Wenn Sie spezifische Fragen zu einem bestimmten Stipendium haben oder weitere Informationen benötigen, lassen Sie es mich wissen!","The University of Osnabrück offers various scholarships and financial aid options for international students. Here are some key opportunities:

1. **Deutschlandstipendium**: A scholarship program that supports students based on their academic performance and social engagement. More information can be found [here](https://www.uni-osnabrueck.de/studieninteressierte/stipendien-und-foerderung/deutschlandstipendium/).

2. **Landesstipendium Niedersachsen**: This state scholarship is available for students in Niedersachsen. Details can be found [here](https://www.uni-osnabrueck.de/studieninteressierte/stipendien-und-foerderung/landesstipendium-niedersachsen/).

3. **Botschafterstipendien (Ambassador Scholarships)**: Offered by the International Office for international exchange students from partner universities. More information is available [here](https://www.uni-osnabrueck.de/studieninteressierte/studieninteressierte-aus-dem-ausland/austauschstudierende/botschafterstipendien/).

4. **Hilde Domin Programm**: A scholarship program for threatened students and doctoral candidates, allowing them to continue their studies or research projects in Germany. More details can be found on the [DAAD website](https://www.daad.de/de/studieren-und-forschen-in-deutschland/stipendien-finden/hilde-domin-programm/).

5. **Zukunftsfonds-(Friedens-)Stipendium**: For students affected by conflicts in their home countries, providing financial support for study-related expenses. Applications are accepted until January 2, 2025. More information can be found in the [PDF announcement](https://www.uni-osnabrueck.de/fileadmin/documents/public/1_universitaet/1.3_organisation/akademisches_auslandsamt/downloads/Internationale_Studierende/Ausschreibung_Zukunftsfonds_DE.pdf).

6. **Studienabschluss-Stipendium**: A one-time scholarship of €500 for international students nearing graduation. Applications are due by September 15, 2024.

7. **DAAD-Preis**: Awarded to international students for outstanding academic achievements and social engagement, with a prize of €1,000. Applications are due by September 1, 2024.

8. **External Scholarships**: Various external scholarship programs are available, including those from organizations like the Friedrich-Ebert-Stiftung and Konrad-Adenauer-Stiftung. More information can be found on the [StipendiumPlus portal](https://www.stipendiumplus.de/startseite.html).

For further inquiries, you can contact the International Office at the University of Osnabrück:
- **Email**: [international@uni-osnabrueck.de](mailto:international@uni-osnabrueck.de)
- **Phone**: +49 541 969 4599

For a comprehensive overview of all financial aid options, you can visit the [University of Osnabrück's financial aid page](https://www.uni-osnabrueck.de/en/prospective-students/international-prospective-students/fees-and-financing/).","https://www.uni-osnabrueck.de/studieninteressierte/stipendien-und-foerderung/;https://www.uni-osnabrueck.de/studieninteressierte/stipendien-und-foerderung/landesstipendium-niedersachsen/;https://www.uni-osnabrueck.de/studieninteressierte/studieninteressierte-aus-dem-ausland/kosten-und-finanzierung/;https://www.uni-osnabrueck.de/studieninteressierte/studieninteressierte-aus-dem-ausland/","https://www.uni-osnabrueck.de/studieninteressierte/stipendien-und-foerderung/;https://www.uni-osnabrueck.de/studieninteressierte/studieninteressierte-aus-dem-ausland/kosten-und-finanzierung/;https://www.uni-osnabrueck.de/universitaet/organisation/international-office/foerderprogramme-infos-veranstaltungen/aktuelles-fuer-internationale-studierende-news-for-international-students/;https://www.uni-osnabrueck.de/studieninteressierte/studieninteressierte-aus-dem-ausland/austauschstudierende/botschafterstipendien/","2025-01-09 13:39:44.856609"
"105","Welche Tools stellt die Uni mir zur Verfügung?","What tools does the university provide me with?","Die Universität Osnabrück bietet verschiedene Tools und Ressourcen, um Studierenden und Studieninteressierten zu helfen. Dazu gehören:

1. **Online-Bewerbungssystem:** Ein System, über das Sie sich für Studiengänge bewerben können.
2. **Studierendenportal:** Hier können Sie Ihre Studienangelegenheiten verwalten, Informationen zu Ihrem Studienverlauf einsehen und auf wichtige Dokumente zugreifen.
3. **E-Learning-Plattformen:** Diese Plattformen bieten Zugang zu Online-Kursen, Materialien und weiteren Lernressourcen.
4. **Bibliotheksdienste:** Zugang zu digitalen und physischen Ressourcen, einschließlich Büchern, Zeitschriften und Datenbanken.
5. **Beratungsdienste:** Unterstützung bei Studienfragen, Karriereberatung und psychologischer Beratung.

Wenn Sie spezifische Informationen zu einem bestimmten Tool oder Dienst benötigen, lassen Sie es mich bitte wissen!","I can provide information about the tools and resources available at the University of Osnabrück. However, I need to clarify whether you are asking about specific academic tools, online platforms for students, or something else. Could you please specify what type of tools you are interested in?","","","2025-01-09 13:39:44.856609"
"129","Gibt es spezielle Workshops oder Networking-Veranstaltungen für Masterstudenten in Kognitionswissenschaften?","Are there any special workshops or networking events for Master’s students in Cognitive Science?","Es tut mir leid, aber ich konnte keine spezifischen Informationen zu Workshops oder Networking-Veranstaltungen für Masterstudenten in Kognitionswissenschaften an der Universität Osnabrück finden. 

Es könnte hilfreich sein, direkt bei der Fakultät für Kognitionswissenschaften oder im Studierendenservice nachzufragen, da sie möglicherweise aktuelle Informationen oder geplante Veranstaltungen haben. Möchten Sie, dass ich Ihnen dabei helfe, die Kontaktdaten zu finden?","I couldn't find specific information about special workshops or networking events for Master’s students in Cognitive Science at the University of Osnabrück. It's possible that such events are organized on an ad-hoc basis or may not be widely advertised.

I recommend checking the university's official website or contacting the Cognitive Science department directly for the most accurate and up-to-date information. Would you like assistance with anything else?","","","2025-01-09 13:39:44.856609"
"351","Wann macht ein Master Sinn ","When does a Master's make sense","Um Ihnen eine präzise Antwort zu geben, benötige ich mehr Informationen über Ihre Situation. Möchten Sie wissen, wann es sinnvoll ist, einen Masterabschluss in einem bestimmten Fachbereich zu machen, oder interessieren Sie sich für allgemeine Gründe, warum ein Masterabschluss vorteilhaft sein kann? Bitte teilen Sie mir mehr Details mit, damit ich Ihnen besser helfen kann.","I'm unable to assist with that question as it falls outside the scope of the University of Osnabrück. If you have any questions related to the university, such as programs, admissions, or application processes, feel free to ask!","","","2025-01-09 13:39:44.856609"
"212","Wo ist das Gebäude 69?","Where is building 69?","Das Gebäude 69 der Universität Osnabrück befindet sich im Stadtteil Westerberg. Für genauere Informationen und um den Standort auf einem interaktiven Lageplan zu sehen, können Sie [hier klicken](http://geo.osnabrueck.de/uni/). 

Zusätzlich finden Sie auf der Webseite der Universität Lagepläne und weitere Informationen zu den verschiedenen Standorten und Gebäuden.","Building 69 is located at the Westerberg campus of the University of Osnabrück. Specifically, it houses the Institute for Philosophy. For more detailed information, including a map and directions, you can visit the [interactive campus map](http://geo.osnabrueck.de/uni/).","https://www.uni-osnabrueck.de/universitaet/lageplaene/;https://www.home.uni-osnabrueck.de/gskalla/gebaeude.html;https://www.sozialwissenschaften.uni-osnabrueck.de/fileadmin/Neuigkeiten_des_FB/WiSe201415/Lageplan_Uni_Osnabr%C3%BCck_WS_2014_15.pdf;https://www.fb1.uni-osnabrueck.de/institute/historisches_seminar.html","https://www.uni-osnabrueck.de/universitaet/lageplaene/;https://www.fb1.uni-osnabrueck.de/institute/historisches_seminar.html;https://www.geschichte.uni-osnabrueck.de/historisches_seminar/anfahrtkontakt.html;https://www.philosophie.uni-osnabrueck.de/kontaktsprechzeiten/kontaktsprechzeiten.html","2025-01-09 13:39:44.856609"
"143","Wie sind die Mietpreise für Wohnungen in der Nähe des Campus","What are the rental prices for apartments near the campus?","Die Mietpreise für Wohnungen in der Nähe des Campus Osnabrück variieren je nach Art der Unterkunft. Hier sind einige Informationen:

1. **Gästehaus der Universität Osnabrück**:
   - **Einzelapartments**: ab 14,89 € pro Nacht (bei einer Mietdauer von 5 Wochen).
   - **Doppelzimmer**: ab 19,68 € pro Nacht (bei einer Mietdauer von 5 Wochen).
   - **3-Bett-Apartments**: ab 21,09 € pro Nacht.
   - **4-Bett-Apartments**: ab 24,68 € pro Nacht.

   Die Preise beinhalten die Mehrwertsteuer und die Endreinigungskosten sind separat (70 € für Einzelzimmer, 100 € für Doppelzimmer usw.).

2. **Studentenwohnheime**:
   - Die Kosten für ein Einzelzimmer in einem Studentenwohnheim betragen etwa 255 bis 490 Euro monatlich. Zu Beginn fällt eine Kaution von 400 Euro an, die bei ordnungsgemäßer Rückgabe des Zimmers zurückerstattet wird.

3. **Private Unterkünfte**:
   - Wohnungen und Zimmer auf dem freien Markt sind in der Regel teurer als in den Wohnheimen. 

Für weitere Informationen oder um eine Unterkunft zu buchen, können Sie die Wohnraumzentrale des Studentenwerks Osnabrück kontaktieren: [Wohnraumzentrale](http://www.studentenwerk-osnabrueck.de/de/studentisches-wohnen.html).

Wenn Sie spezifische Fragen zu einem bestimmten Wohnheim oder einer Unterkunft haben, lassen Sie es mich wissen!","The rental prices for apartments near the University of Osnabrück vary depending on the type of accommodation:

1. **Student Dormitories**: 
   - The cost for a single room in a student dormitory ranges from approximately **255 to 490 Euros** per month. 
   - A deposit of **400 Euros** is required, which is refundable upon leaving the room in good condition.

2. **Private Accommodations**: 
   - Apartments and rooms on the open market are generally more expensive than those in dormitories. 
   - Monthly rental prices for private accommodations typically range from **250 to 350 Euros**.

For more information, you can visit the [Studentenwerk Osnabrück](http://www.studentenwerk-osnabrueck.de/de/studentisches-wohnen.html) or contact them at **wohnen@sw-os.de**. 

If you have any further questions or need assistance with the application process, feel free to ask!","https://www.uni-osnabrueck.de/universitaet/organisation/gemeinschaftliche-einrichtungen/gaestehaus/;https://www.uni-osnabrueck.de/studieninteressierte/studieninteressierte-aus-dem-ausland/service/wohnen/;https://www.uni-osnabrueck.de/studieninteressierte/leben-in-osnabrueck/wohnen/;https://www.uni-osnabrueck.de/universitaet/organisation/zentrale-verwaltung/gleichstellungsbuero/studierende/vereinbarkeit-studium-und-familie/","https://www.uni-osnabrueck.de/studieninteressierte/studieninteressierte-aus-dem-ausland/service/wohnen/;https://www.uni-osnabrueck.de/universitaet/organisation/gemeinschaftliche-einrichtungen/gaestehaus/;https://www.uni-osnabrueck.de/studieninteressierte/studieninteressierte-aus-dem-ausland/austauschstudierende/unterkunft/;https://www.jura.uni-osnabrueck.de/fileadmin/public/media/Erasmus_DOCS/Italien/Erfahrungsbericht_Max_Westd%C3%B6rp_WS_20_21.pdf","2025-01-09 13:39:44.856609"
"123","Wo kann ich meine bisher erbrachten Leistungen und Noten einsehen?","Where can I view my previously provided services and grades?","Sie können Ihre bisher erbrachten Leistungen und Noten im Prüfungsamt der Universität Osnabrück einsehen. Dort erhalten Sie einen Kontoauszug mit einer Übersicht Ihrer fachspezifischen Leistungen. Wenn Sie eine Übersicht über Leistungen aus mehreren Fachbereichen benötigen, müssen Sie sich an das Mehrfächerprüfungsamt (PATMOS) wenden.

Hier sind einige nützliche Links für weitere Informationen:

- [Prüfungsamt - Häufig gestellte Fragen](https://www.lili.uni-osnabrueck.de/fachbereich/studium_und_lehre/pruefungsamt/haeufig_gestellte_fragen.html)
- [Mehrfächerprüfungsamt - PATMOS](https://www.uni-osnabrueck.de/universitaet/organisation/zentrale_verwaltung/studentische_angelegenheiten/mehrfaecher_pruefungsamt_patmos.html)

Wenn Sie weitere Fragen haben oder spezifische Informationen benötigen, lassen Sie es mich wissen!","You can view your previously provided services and grades through the HISinONE system at the University of Osnabrück. Here are the key points regarding accessing your grades and performance records:

1. **Preliminary Transcript**: A preliminary transcript can be issued once you have completed at least 150 credit points. If you have fewer than 150 credit points, you should contact the relevant contact person in the PATMOS office.

2. **Final Certificate**: You can apply for a final certificate once your overall grade is visible in HISinONE. This final certificate will be issued along with the Diploma Supplement, which includes a complete performance overview (Transcript of Records).

3. **Accessing Performance Records**: You can independently obtain performance overviews from HISinONE at any time and in any quantity, provided that a sealed document is not required.

4. **Application Forms**: If you need to apply for a preliminary transcript or a final certificate, you can fill out the application forms online and submit them via email to the Mehrfächer-Prüfungsamt (PATMOS) or send them by post.

For more detailed information, you can visit the [University of Osnabrück's official page on student affairs](https://www.uni-osnabrueck.de/universitaet/organisation/zentrale-verwaltung/studentische-angelegenheiten/mehrfaecher-pruefungsamt-patmos/checklisten-und-antragsformulare/).","https://www.lili.uni-osnabrueck.de/fachbereich/studium_und_lehre/pruefungsamt/haeufig_gestellte_fragen.html;https://www.uni-osnabrueck.de/universitaet/organisation/zentrale-verwaltung/studentische-angelegenheiten/mehrfaecher-pruefungsamt-patmos/checklisten-und-antragsformulare/;https://www.uni-osnabrueck.de/fileadmin/documents/public/ordnungen/Allgemeine-PO-Bachelor-Master_2020-06.pdf;https://www.uni-osnabrueck.de/fileadmin/documents/public/ordnungen/PO-Master-Psychologie-KP_2018-09.pdf","https://www.uni-osnabrueck.de/universitaet/organisation/zentrale-verwaltung/studentische-angelegenheiten/mehrfaecher-pruefungsamt-patmos/checklisten-und-antragsformulare/;https://www.uni-osnabrueck.de/fileadmin/documents/public/ordnungen/Allgemeine-PO-Bachelor-Master_2020-06.pdf;https://www.uni-osnabrueck.de/fileadmin/documents/public/ordnungen/PO-Master-Psychologie-KP_2018-09.pdf;https://www.uni-osnabrueck.de/fileadmin/documents/public/ordnungen/PO-Bachelor-Psychologie_2018-09.pdf","2025-01-09 13:39:44.856609"
"315","Wie kann ich meine lernen Optimierten. ","How can I optimize my learning.","Es tut mir leid, aber ich kann Ihnen dabei nicht helfen. Wenn Sie Fragen zur Universität Osnabrück haben, wie zum Beispiel zu Studiengängen oder dem Bewerbungsprozess, lassen Sie es mich bitte wissen!","I'm unable to assist with questions about optimizing learning as it falls outside the scope of the University of Osnabrück. If you have any specific questions related to the university, such as programs, admissions, or student resources, feel free to ask!","","","2025-01-09 13:39:44.856609"
"328","Wie wurden die Antwortdaten für diesen Chatbot generiert? (Kontext: Andere ""KI-Bots"" holen ihre Datensätze auf Basis von Ausbeutung anderer Menschen)","How were the response data for this chatbot generated? (Context: Other ""AI bots"" obtain their datasets based on the exploitation of other people)","Es tut mir leid, aber ich kann Ihnen bei dieser Frage nicht helfen, da sie außerhalb des Rahmens meiner Unterstützung liegt. Ich bin hier, um Informationen und Unterstützung zur Universität Osnabrück zu bieten. Wenn Sie Fragen zu Studiengängen, Bewerbungsprozessen oder anderen universitätsbezogenen Themen haben, lassen Sie es mich bitte wissen!","I'm sorry, but I cannot assist with questions regarding the generation of response data for this chatbot or any other AI-related inquiries. My focus is solely on providing information and support related to the University of Osnabrück. If you have any questions about the university, feel free to ask!","","","2025-01-09 13:39:44.856609"
"347","Wie sind die Vorlesungen aufgebaut?","How are the lectures structured?","An der Universität Osnabrück sind die Vorlesungen in einem strukturierten Vorlesungsverzeichnis organisiert, das alle Veranstaltungen wie Vorlesungen, Seminare und Übungen umfasst. Studierende können sich über die Lern- und Lehrplattform Stud.IP über die Details der einzelnen Veranstaltungen informieren und sich für diese anmelden.

Hier sind einige wichtige Punkte zum Aufbau der Vorlesungen:

1. **Vorlesungsverzeichnis**: Alle Veranstaltungen sind im Vorlesungsverzeichnis aufgeführt, das regelmäßig aktualisiert wird. Sie können das aktuelle Vorlesungsverzeichnis [hier einsehen](http://www.uni-osnabrueck.de/universitaet/zahlendatenfakten/veranstaltungs_und_personalverzeichnis.html).

2. **Stud.IP**: Diese Plattform dient als zentrale Anlaufstelle für Informationen zu den Veranstaltungen und zur Anmeldung. Weitere Informationen finden Sie auf [Stud.IP](http://studip.serv.uni-osnabrueck.de/).

3. **Gaststudium**: Auch nicht immatrikulierte Personen können bestimmte Lehrveranstaltungen besuchen, ohne eine Hochschulzugangsberechtigung nachweisen zu müssen. Hierfür ist ein Zulassungsantrag erforderlich.

Wenn Sie spezifische Informationen zu einem bestimmten Studiengang oder einer Veranstaltung benötigen, lassen Sie es mich bitte wissen!","The lectures at the University of Osnabrück are structured around three main themes, focusing on different aspects of history, particularly the 19th and 20th centuries. These themes are:

1. **Peace and Conflict**: This theme examines both national and transnational perspectives on peace and conflict.
2. **Migration and Mobility**: This area focuses on the regulation and negotiation of migration, including issues related to violent migration and societal changes due to migration.
3. **Dimensions of Collective Violence**: This theme investigates the conditions, structures, and consequences of war and genocide.

The courses, including lectures, seminars, and exercises, are designed to be interrelated, allowing for meaningful combinations as modules. The current offerings can be explored through the university's event search or the StudIP platform.

For more detailed information, you can visit the following links:
- [Event Search](http://www.uni-osnabrueck.de/studium/im_studium/veranstaltungssuche.html)
- [StudIP](http://studip.uni-osnabrueck.de/)
- [Overview of Historical Seminar Courses](https://www.uni-osnabrueck.de/studium_und_lehre/veranstaltungsangebot.html)

If you have any more specific questions or need further assistance, feel free to ask!","https://www.sozialwissenschaften.uni-osnabrueck.de/studieninteressierte/vorlesungsverzeichnis.html;https://www.uni-osnabrueck.de/studieninteressierte/gaststudium/uni-fuer-alle/;https://www.uni-osnabrueck.de/studieninteressierte/studienbeginn/termine-und-fristen/;https://www.jura.uni-osnabrueck.de/studium/lehrangebot_und_pruefungen/vorlesungsverzeichnisse.html","https://www.geschichte.uni-osnabrueck.de/abteilungen/neueste_geschichte_und_historische_migrationsforschung/studiumlehre.html;https://www.uni-osnabrueck.de/kommunikation/kommunikation-und-marketing-angebot-und-aufgaben/pressestelle/archiv-pressemeldungen/archiv-2001-bis-2005/monatsarchiv-2001-bis-2005/pressemeldung/news/impulse-fuer-effektive-lehrveranstaltungen-uni-osnabrueckniedersaechsisches-telekolloquium-veranstal/?tx_news_pi1%5Bcontroller%5D=News&tx_news_pi1%5Baction%5D=detail&cHash=b1b9ec5aca425b591e419c98f24e3218;https://www.biologie.uni-osnabrueck.de/studium/kooperation_universitaet_schule/explain_os/aktuelles_archiv/3_biodiversity_springschool_2017_in_cuenca_ecuador.html;https://www.jura.uni-osnabrueck.de/fileadmin/public/media/LS-Leuschner/News/Evaluation_Mobiliarsachenrecht_WS_2020_21.pdf","2025-01-09 13:39:44.856609"
"111","Wie melde ich mich für eine Bachelorarbeit an?","How do I register for a bachelor's thesis?","Um sich für eine Bachelorarbeit an der Universität Osnabrück anzumelden, müssen Sie folgende Schritte befolgen:

1. **Antrag auf Zulassung**: Sie müssen einen Antrag auf Zulassung zur Bachelorarbeit stellen. Der entsprechende Vordruck ist online verfügbar. Achten Sie darauf, den richtigen Vordruck zu verwenden und alle erforderlichen Angaben sowie Unterschriften bei der Abgabe im Prüfungsamt vorzulegen.

2. **Formulare**: Die Anmeldevordrucke für Bachelorarbeiten können Sie hier herunterladen:
   - [Antrag auf Zulassung zur Bachelorarbeit (PDF, 70 kB)](https://www.uni-osnabrueck.de/fileadmin/documents/public/FB_07/FB_07_FormulareVordrucke/Anmeldung_Bachelorarbeit_mit_Anlagen_NACH_APO_neu.pdf)

3. **Abgabe im Prüfungsamt**: Reichen Sie den vollständig ausgefüllten Antrag im Prüfungsamt ein. Das Anmeldedatum ist der Eingangsstempel des Prüfungsamtes.

4. **Fristen und Voraussetzungen**: Informieren Sie sich über die spezifischen Fristen und Voraussetzungen, die in Ihrer Prüfungsordnung festgelegt sind. In der Regel müssen Sie zum Zeitpunkt der Anmeldung mindestens 120 Leistungspunkte nachweisen.

5. **Betreuung und Thema**: Nach der Zulassung wird Ihnen ein Thema zugewiesen, und Sie müssen einen Laufzettel beim Fachgebiet vorlegen, das Ihre Arbeit betreuen wird.

Für weitere Informationen und spezifische Fragen können Sie sich direkt an das Prüfungsamt wenden oder die [Formulare und Antragsvordrucke](https://www.uni-osnabrueck.de/fachbereich/studium_und_lehre/pruefungsamt/formulare_und_antragsvordrucke.html) auf der Website der Universität Osnabrück besuchen.","To register for your bachelor's thesis at the University of Osnabrück, you need to follow these steps:

1. **Eligibility**: Ensure you have assigned courses from all nine compulsory modules and the optional compulsory module of three of the five selected subject areas. The remaining two optional compulsory modules and elective courses can be assigned once you have completed the remaining courses.

2. **Download Forms**: Download and fill in the relevant forms for ""Anmeldung studienbegleitende Prüfung (Bachelor)"". There is one form for each subject area.

3. **Select Examiners**: You need two examiners for your thesis. The first must be your main supervisor, and at least one examiner must be from Osnabrück University and hold a professor or senior researcher status (Habilitation). Master students of Cognitive Science cannot be examiners.

4. **Research Topic**: Discuss potential topics with your prospective examiners or provide your own suggestions.

5. **Submit Documents**: Bring the filled-in form to the examination office along with the following documents:
   - An up-to-date passport-sized photo.
   - An up-to-date transcript of records and corresponding certificates (originals and copies).
   - A curriculum vitae (CV).
   - Verification for your semester abroad (""Erhebungsbogen"").
   - Proof of 10 experimental subject hours.
   - A declaration that you have not yet finally failed a bachelor examination in Cognitive Science.
   - The approval to examine the thesis, signed by both examiners.

6. **Matriculation Certificate**: Include a matriculation certificate for the current semester and the semester in which the thesis will be handed in.

7. **Time Frame**: The time between registering your thesis and handing it in is three months. You will be notified about the exact deadline for handing in your thesis by the examination office.

8. **Extensions**: If you need an extension, you must apply for it and provide justification to the examination committee.

For more detailed information, you can refer to the [examination matters page](https://www.ikw.uni-osnabrueck.de/studierende/bachelor_cognitive_science/pruefungsangelegenheiten.html) of the university. If you have further questions, feel free to ask!","https://www.lili.uni-osnabrueck.de/fachbereich/studium_und_lehre/pruefungsamt/formulare_und_antragsvordrucke.html;https://www.lili.uni-osnabrueck.de/fachbereich/studium_und_lehre/pruefungsamt/haeufig_gestellte_fragen.html;https://www.wiwi.uni-osnabrueck.de/fachbereich/pruefungsamt/rund_um_pruefungen/hinweise_zur_vergabe_von_abschlussarbeiten.html;https://www.fb1.uni-osnabrueck.de/studium/pruefungsamt/pruefungsordnungen/anmeldeformulare_fuer_die_studiengaenge_geographie_geschichte_kunst_kunstgeschichte_und_textiles_gestalten.html","https://www.ikw.uni-osnabrueck.de/studierende/bachelor_cognitive_science/pruefungsangelegenheiten.html;https://www.uni-osnabrueck.de/studieninteressierte/bewerbung/online-bewerbung/;https://www2.uni-osnabrueck.de/fb1/geographie/studium/studiengaenge/2-faecher-bachelor-geographie;https://www.jura.uni-osnabrueck.de/fileadmin/public/media/Erasmus_DOCS/Ungarn/Erfahrungsbericht_von_Lars_Thomsen_SS_2017.pdf","2025-01-09 13:39:44.856609"
"83","Wo finde ich Wohnungsmöglichkeiten in der Nähe der Uni? ","Where can I find housing options near the university?","In der Nähe der Universität Osnabrück gibt es verschiedene Möglichkeiten, um Wohnraum zu finden:

1. **Wohnraumzentrale des Studentenwerks**: Dies ist der erste Ansprechpartner für studentischen Wohnraum. Sie vermitteln Wohnheimplätze sowie einige Wohnungen auf dem freien Markt. Insgesamt stehen rund 2000 Wohnheimplätze zur Verfügung, die von Einzelzimmern bis zu Wohngemeinschaften und Familienappartements reichen. Weitere Informationen finden Sie hier: [Wohnraumzentrale](http://www.studentenwerk-osnabrueck.de/de/studentisches-wohnen.html).

2. **Mitwohnzentrale „zweitraum“**: Wenn Sie eine kurzfristige Lösung suchen, können Sie über die Mitwohnzentrale „zweitraum“ fündig werden. Diese vermittelt kurzfristige Mitwohnmöglichkeiten, wobei Gebühren je nach Mietdauer und Miethöhe anfallen. Weitere Informationen finden Sie hier: [Mitwohnzentrale „zweitraum“](http://www.zweitraum-osnabrueck.de/mitwohnzentrale-osnabrueck-mieten.html).

3. **Schwarzes Brett der Universität**: Hier können Wohnungsangebote und -gesuche online gemeldet werden. Es ist eine gute Plattform, um Angebote zu finden oder selbst eine Anfrage zu stellen. Besuchen Sie das Schwarze Brett hier: [Schwarzes Brett](https://www.schwarzesbrett.uni-osnabrueck.de/index.php).

4. **Wohnungsmarkt der Neuen Osnabrücker Zeitung**: Mittwochs und samstags werden in der Zeitung Wohnungen angeboten. Der Wohnungsmarkt kann auch online durchsucht werden: [Neue Osnabrücker Zeitung](https://immobilien.noz.de/).

5. **Möwe**: Für die Ausstattung Ihrer neuen Wohnung können Sie bei Möwe, einem gemeinnützigen Projekt, Second-Hand Möbel und Hausrat erwerben. Weitere Informationen finden Sie hier: [Möwe](http://www.moewe-osnabrueck.de/).

Es ist ratsam, mit der Wohnungssuche frühzeitig zu beginnen, insbesondere zu Beginn des Wintersemesters, da es oft schwierig sein kann, Wohnraum zu finden.","You can find various housing options near the University of Osnabrück through the following resources:

1. **Studentenwerk Wohnraumzentrale**: This is the first point of contact for student housing. They offer around 2000 places in student dormitories, ranging from single rooms to shared apartments and family apartments. More information can be found [here](http://www.studentenwerk-osnabrueck.de/de/studentisches-wohnen.html).

2. **Mitwohnzentrale ""zweitraum""**: If you are looking for a quick temporary solution, this service provides short-term shared living options. Fees depend on the rental duration and amount. You can check their offerings [here](http://www.zweitraum-osnabrueck.de/mitwohnzentrale-osnabrueck-mieten.html).

3. **Housing Market Listings**: Apartments are advertised in the ""Neue Osnabrücker Zeitung"" on Wednesdays and Saturdays. You can also find listings on the university's bulletin board, which can be accessed [here](https://www.schwarzesbrett.uni-osnabrueck.de/index.php).

4. **Furniture and Household Items**: For furnishing your new apartment, you can find second-hand furniture and household items at Möwe, a non-profit project. More details can be found [here](http://www.moewe-osnabrueck.de/).

5. **Gästehaus**: For international researchers, the university offers a guesthouse with limited capacity. If you need assistance finding private accommodation, the guesthouse administration can help.

For more detailed information, you can visit the [University of Osnabrück's housing page](https://www.uni-osnabrueck.de/studieninteressierte/leben-in-osnabrueck/wohnen/). 

If you have any specific questions or need further assistance, feel free to ask!","https://www.uni-osnabrueck.de/studieninteressierte/leben-in-osnabrueck/wohnen/;https://www.uni-osnabrueck.de/studieninteressierte/studieninteressierte-aus-dem-ausland/service/wohnen/;https://www.uni-osnabrueck.de/universitaet/organisation/international-office/internationale-forschende-an-der-universitaet-osnabrueck/vorbereitung/wohnungssuche/;https://www.uni-osnabrueck.de/studieninteressierte/leben-in-osnabrueck/studentenwerk/","https://www.uni-osnabrueck.de/studieninteressierte/leben-in-osnabrueck/wohnen/;https://www.uni-osnabrueck.de/universitaet/organisation/international-office/internationale-forschende-an-der-universitaet-osnabrueck/vorbereitung/wohnungssuche/;https://www.uni-osnabrueck.de/studieninteressierte/studieninteressierte-aus-dem-ausland/service/wohnen/;https://www.asta.uni-osnabrueck.de/rund-ums-studium/wohnungssuche","2025-01-09 13:39:44.856609"
"213","Bietet die Uni Osnabrück Musik und Sportclubs an?","Does the University of Osnabrück offer music and sports clubs?","Ja, die Universität Osnabrück bietet sowohl Musik- als auch Sportclubs an. Es gibt eine Vielzahl von Sportclubs, die zu Semesterbeginn vorgestellt werden, und die Teilnahme an diesen Clubs wird empfohlen, um neue Leute kennenzulernen. Zudem gibt es auch Angebote im Bereich Musik, wie beispielsweise Seminare im Fachgebiet Musik/Musikwissenschaft.

Wenn Sie mehr Informationen zu spezifischen Clubs oder Veranstaltungen wünschen, lassen Sie es mich bitte wissen!","Yes, the University of Osnabrück offers music and sports clubs. The university has various musical ensembles, such as a Big Band, Jazz Choir, and other groups that participate in events like the summer festival. Additionally, there are opportunities for sports activities, including organized events and courses through the university's sports department.

For more detailed information, you can visit the university's official page on [music and events](https://www.uni-osnabrueck.de/kommunikation/kommunikation-und-marketing-angebot-und-aufgaben/pressestelle/archiv-pressemeldungen/archiv-2001-bis-2005/monatsarchiv-2001-bis-2005/?tx_news_pi1%5BoverwriteDemand%5D%5Byear%5D=2002&tx_news_pi1%5BoverwriteDemand%5D%5Bmonth%5D=06&tx_news_pi1%5Bcontroller%5D=News&cHash=239241118dc8887ee4d1b6e27df9d268).","https://www.uni-osnabrueck.de/kommunikation/kommunikation-und-marketing-angebot-und-aufgaben/pressestelle/archiv-pressemeldungen/archiv-2001-bis-2005/monatsarchiv-2001-bis-2005/?tx_news_pi1%5B%40widget_0%5D%5BcurrentPage%5D=672&cHash=d91459a0a3f2b689dd7a09348a1c9e71;https://www.uni-osnabrueck.de/fileadmin/documents/public/1_universitaet/1.3_organisation/gleichstellung/familiengerechte_hochschule/Kinderbetreuung/Ferienbetreuung_2022_WEB.pdf;https://www.jura.uni-osnabrueck.de/fileadmin/public/media/Erasmus_DOCS/Irland/Erfahrungsbericht_Louisa_Wilke_WS_21-22.pdf;https://www.jura.uni-osnabrueck.de/fileadmin/public/media/Erasmus_DOCS/Erfahrungsberichte_22_-23/Erfahrungsbericht_Elena_Dr%C3%BCner_WS_22_-_23.pdf","https://www.uni-osnabrueck.de/kommunikation/kommunikation-und-marketing-angebot-und-aufgaben/pressestelle/archiv-pressemeldungen/archiv-2001-bis-2005/monatsarchiv-2001-bis-2005/?tx_news_pi1%5BoverwriteDemand%5D%5Byear%5D=2002&tx_news_pi1%5BoverwriteDemand%5D%5Bmonth%5D=06&tx_news_pi1%5Bcontroller%5D=News&cHash=239241118dc8887ee4d1b6e27df9d268;https://www.uni-osnabrueck.de/kommunikation/kommunikation-und-marketing-angebot-und-aufgaben/pressestelle/archiv-pressemeldungen/archiv-2001-bis-2005/monatsarchiv-2001-bis-2005/?tx_news_pi1%5B%40widget_0%5D%5BcurrentPage%5D=672&cHash=d91459a0a3f2b689dd7a09348a1c9e71;https://www.uni-osnabrueck.de/kommunikation/kommunikation-und-marketing-angebot-und-aufgaben/pressestelle/archiv-pressemeldungen/archiv-2001-bis-2005/monatsarchiv-2001-bis-2005/?tx_news_pi1%5B%40widget_0%5D%5BcurrentPage%5D=629&cHash=8e006d3cebadbb1430a0b9507462e8f0;https://www.musik.uni-osnabrueck.de/veranstaltungen/workshops_und_vortraege/online_vortrag_die_musik_des_balkan_im_spannungsfeld_von_tradition_und_globalisierung.html","2025-01-09 13:39:44.856609"
"230","Welche Berufsmöglichkeiten habe ich nach Abschluss meines Programms?","What are the job opportunities after finishing my program?","Um Ihnen eine präzise Antwort auf Ihre Frage zu den Berufsmöglichkeiten nach dem Abschluss Ihres Programms zu geben, benötige ich mehr Informationen über das spezifische Studienprogramm, das Sie an der Universität Osnabrück absolvieren möchten. Könnten Sie mir bitte den Namen des Programms oder den Fachbereich mitteilen?","Could you please specify which program you are referring to? This will help me provide you with more accurate information regarding job opportunities related to that specific program.","","","2025-01-09 13:39:44.856609"
"273","Wie lauten die Bewerbungsfristen für meine Studienfach?","What are the application deadlines for my field of study?","Um Ihnen die genauen Bewerbungsfristen für Ihr Studienfach an der Universität Osnabrück mitteilen zu können, benötige ich den Namen des Studienfachs, für das Sie sich bewerben möchten. Können Sie mir bitte diese Information geben?","Could you please specify your field of study? This will help me provide you with the accurate application deadlines.","","","2025-01-09 13:39:44.856609"
"333","Welche Ressourcen stehen Studierenden mit Behinderungen an der Universität Osnabrück zur Verfügung?","What resources are available to help students with disabilities at Osnabrück University?","An der Universität Osnabrück stehen Studierenden mit Behinderungen verschiedene Ressourcen und Unterstützungsangebote zur Verfügung:

1. **Beauftragte für chronisch kranke Studierende und Behinderte**: Christine Kammler ist die Ansprechpartnerin für Studierende mit chronischen Erkrankungen und Behinderungen. Sie bietet individuelle Beratung und Unterstützung an.

2. **Zentrale Studienberatung**: Diese bietet umfassende Informationen und Beratung zu allen Themen rund um das Studium, einschließlich der Unterstützung für Studierende mit Behinderungen.

3. **Gleichstellungsbüro**: Hier gibt es Beratungsangebote zur Gleichstellung und Unterstützung bei unterschiedlichen Benachteiligungen.

4. **Psychosoziale Beratungsstelle**: Diese Stelle bietet Hilfe bei Problemen im Studienalltag und persönlichen Schwierigkeiten.

5. **AStA (Allgemeiner Studierendenausschuss)**: Der AStA hält verschiedene Beratungsangebote bereit, die auch für Studierende mit Behinderungen relevant sind.

6. **Schreibwerkstatt**: Diese unterstützt Studierende beim Verfassen akademischer Texte und kann auch für Studierende mit besonderen Bedürfnissen hilfreich sein.

7. **Universitätsbibliothek**: Sie bietet Zugang zu wissenschaftlicher Literatur und Unterstützung bei der Recherche, was für Studierende mit Behinderungen von Bedeutung sein kann.

8. **VirtUOS**: Diese Plattform bietet Hinweise zum Umgang mit digitaler Lehre, was für Studierende mit Behinderungen besonders wichtig sein kann.

Für weitere Informationen und spezifische Anfragen können Sie die [Webseite der Universität Osnabrück](https://www.uni-osnabrueck.de) besuchen oder direkt Kontakt mit den genannten Ansprechpersonen aufnehmen.","At Osnabrück University, there are several resources available to support students with disabilities:

1. **Contact Person for Students with Disabilities**: Christine Kammler is the designated contact for students with chronic illnesses and disabilities. She provides guidance and support tailored to individual needs.

2. **Equal Opportunities Office**: This office offers comprehensive counseling services regarding equality and support for students facing various disadvantages, including those with disabilities.

3. **Central Student Advisory Service**: This service provides advice on all aspects of study choices, academic issues, and reorientation.

4. **Student Council (AStA)**: The AStA offers various counseling services and support for students, including those with disabilities.

5. **Psychosocial Counseling Service**: This service helps students with personal difficulties and challenges they may face during their studies.

6. **Writing Workshop**: Offers support for students in writing academic texts, which can be particularly beneficial for those who may need additional assistance.

7. **University Library**: Provides access to scientific literature and assistance with research, which can be crucial for students with disabilities.

8. **International Office**: Supports international students, including those with disabilities, ensuring they have the necessary resources and information.

For more detailed information, you can visit the following links:
- [Beauftragte für chronisch kranke Studierende und Behinderte](https://www.uni-osnabrueck.de/studieninteressierte/erste-orientierung/studieren-mit-behinderung-und-chronischer-erkrankung/)
- [Gleichstellungsbüro](https://www.uni-osnabrueck.de/universitaet/organisation/zentrale-verwaltung/gleichstellungsbuero/)
- [Zentrale Studienberatung](https://www.zsb-os.de/beratungsangebot)

If you have specific questions or need further assistance, feel free to ask!","https://www.uni-osnabrueck.de/studieninteressierte/studiengaenge-a-z/umweltsysteme-und-ressourcenmanagement-master-of-science/;https://www.uni-osnabrueck.de/troubleshooters/?no_cache=1;https://www.uni-osnabrueck.de/universitaet/organisation/zentrale-verwaltung/gleichstellungsbuero/studierende/vereinbarkeit-studium-und-familie/;https://www.uni-osnabrueck.de/studieninteressierte/studiengaenge-a-z/wirtschaftswissenschaft-bachelor-of-science/","https://www.uni-osnabrueck.de/studieninteressierte/studiengaenge-a-z/umweltsysteme-und-ressourcenmanagement-master-of-science/;https://www.uni-osnabrueck.de/troubleshooters/?no_cache=1;https://www.uni-osnabrueck.de/universitaet/organisation/zentrale-verwaltung/gleichstellungsbuero/studierende/vereinbarkeit-studium-und-familie/;https://www.uni-osnabrueck.de/studieninteressierte/studiengaenge-a-z/wirtschaftswissenschaft-bachelor-of-science/","2025-01-09 13:39:44.856609"
"240","Was sind die Inhalte dieses Studiengangs","What are the contents of this course of study?","Um Ihnen die Inhalte eines bestimmten Studiengangs an der Universität Osnabrück mitteilen zu können, benötige ich den Namen des Studiengangs, an dem Sie interessiert sind. Könnten Sie mir bitte diesen Namen nennen?","Could you please specify which course of study you are referring to? This will help me provide you with the most accurate information.","","","2025-01-09 13:39:44.856609"
"238","Wie kann ich mich für Sport anmelden?","How can I sign up for sports?","Um sich für Sport an der Universität Osnabrück anzumelden, benötige ich weitere Informationen. Meinen Sie die Anmeldung für Sportkurse, Sportveranstaltungen oder etwas anderes? Bitte geben Sie mir mehr Details, damit ich Ihnen besser helfen kann.","To sign up for sports at the University of Osnabrück, you can follow these steps:

1. **Visit the Sports Department Website**: Check the official website of the university's sports department for detailed information on available sports programs and registration procedures.

2. **Contact the Sports Office**: If you have specific questions or need assistance, you can reach out to the sports office directly. They can provide guidance on how to register for sports activities.

3. **Check for Requirements**: If you are interested in enrolling in a specific sports program, ensure you meet any prerequisites or requirements, such as physical fitness tests, if applicable.

For more detailed information, you can refer to the [University of Osnabrück Sports Department FAQ](https://www.sport.uni-osnabrueck.de/studium/haeufig_gestellte_fragen.html?no_cache=1). 

If you have any further questions or need assistance with a specific sport, feel free to ask!","","https://www.sport.uni-osnabrueck.de/studium/haeufig_gestellte_fragen.html?no_cache=1;https://www.uni-osnabrueck.de/universitaet/organisation/zentrale-verwaltung/studentische-angelegenheiten/mehrfaecher-pruefungsamt-patmos/faq-mehrfaecher-pruefungsamt/;https://www.psychologie.uni-osnabrueck.de/service_beratung/fachschaft/erstsemesterinfo/haeufig_gestellte_fragen_faq.html;https://zfh.uni-osnabrueck.de/service/anmeldeverfahren.html","2025-01-09 13:39:44.856609"
"92","Ist die Uni gut erreichbar?","Is the university easily accessible?","Die Erreichbarkeit der Universität Osnabrück hängt von verschiedenen Faktoren ab, wie z.B. dem Standort der Universität, den Verkehrsanbindungen und den öffentlichen Verkehrsmitteln. 

Um Ihnen genauere Informationen zur Erreichbarkeit zu geben, könnte ich die aktuellen Details zur Anbindung und zu den Verkehrsmöglichkeiten abrufen. Möchten Sie, dass ich das für Sie tue?","The accessibility of the University of Osnabrück depends on various factors, including admission requirements and facilities. Here are some key points:

1. **Admission Requirements**: To enroll in a program, you must meet general or program-specific admission requirements. For undergraduate studies (e.g., Bachelor's), you need a recognized higher education entrance qualification. Some programs may have additional requirements, such as language skills or passing an aptitude test. More details can be found in the specific admission regulations for each program. 

2. **Limited Enrollment**: Some programs have restricted admission, meaning the number of available spots is limited, and a selection process takes place. If you meet the admission requirements, you must also reach a selection threshold (grade or waiting time) to be accepted.

3. **Master's Programs**: For Master's programs, a relevant academic degree (usually a Bachelor's) is required, along with proof of specific qualifications (e.g., language skills, motivation). You can apply for a Master's program even if you haven't completed your degree yet, provided you have completed at least 150 credit points.

4. **Facilities Access**: The university has various facilities, such as computer pools, which are accessible to students with a registered campus card. Access to these facilities is limited to specific hours, and students must adhere to safety regulations.

For more detailed information on admission requirements, you can visit the following links:
- [Higher Education Entrance Qualification](https://www.uni-osnabrueck.de/studieninteressierte/bewerbung/zugangsvoraussetzungen/hochschulzugang/)
- [Language Skills](https://www.uni-osnabrueck.de/studieninteressierte/bewerbung/zugangsvoraussetzungen/sprachkenntnisse/)
- [Aptitude Tests](https://www.uni-osnabrueck.de/studieninteressierte/bewerbung/zugangsvoraussetzungen/aufnahmepruefungen/)

If you have specific questions about accessibility or need further assistance, feel free to ask!","","https://www.uni-osnabrueck.de/studieninteressierte/bewerbung/zugangsvoraussetzungen/;https://www.wiwi.uni-osnabrueck.de/fachbereich/edv_betreuung/pc_pool/zugang.html;https://www.wiwi.uni-osnabrueck.de/fachbereich/edv_betreuung/virtueller_pc_pool_vpool/virtueller_zugang_und_nutzungshinweise.html;https://www.psychotherapie.uni-osnabrueck.de/weiterbildungsstudiengaenge/ausbildung_zumzur_psychologischen_psychotherapeutin/zugang_bewerbung_und_kosten.html","2025-01-09 13:39:44.856609"
"186","Welche Events gibt es in der nächsten Zeit?","What events are coming up soon?","Hier sind einige bevorstehende Veranstaltungen an der Universität Osnabrück:

1. **Neustart**
   - **Datum:** 09. Januar 2025, 16:30 - 17:00
   - **Ort:** Campus Caprivi
   - **Veranstalter:** Zentrale Studienberatung Osnabrück (ZSB)
   - **Kategorie:** Durchstarten ins Studium
   - **Beschreibung:** Austausch mit Impulsen zur Neuorientierung für Studierende mit Studienzweifeln.

2. **Das Niedersachsen-Technikum (Online-Veranstaltung)**
   - **Datum:** 15. Januar 2025, 16:00 - 16:30
   - **Ort:** Online
   - **Veranstalter:** Zentrale Studienberatung Osnabrück (ZSB)
   - **Kategorie:** Durchstarten ins Studium
   - **Beschreibung:** Informationsveranstaltung für (Fach-)Abiturientinnen mit Interesse an MINT-Berufen.

3. **Transdisziplinarität für eine transformative Nachhaltigkeitswissenschaft**
   - **Datum:** 15. Januar 2025, 18:15 - 19:45
   - **Ort:** Gebäude 02, Raum E04
   - **Veranstalter:** Institut für Geographie
   - **Kategorie:** Kolloquien
   - **Referentin:** Prof. Dr. Jana Zscheischler, Universität Vechta

4. **Studieren in Osnabrück und Lingen (Online-Veranstaltung)**
   - **Datum:** 22. Januar 2025, 17:30 - 18:00
   - **Ort:** Online
   - **Veranstalter:** Zentrale Studienberatung Osnabrück (ZSB)
   - **Kategorie:** Durchstarten ins Studium
   - **Beschreibung:** Vortrag für Studieninteressierte über Studienstruktur und -angebot.

5. **Demokratie - ein Auslaufmodell angesichts von Autokraten?**
   - **Datum:** 26. Januar 2025, 11:30 - 13:00
   - **Ort:** Kultur-Lounge Blue Note
   - **Veranstalter:** Philosophisches Café
   - **Kategorie:** Philosophisches Café

6. **Lehramtsstudium in Osnabrück (Online-Veranstaltung)**
   - **Datum:** 27. Januar 2025, 17:30 - 18:00
   - **Ort:** Online
   - **Veranstalter:** Zentrale Studienberatung Osnabrück (ZSB)
   - **Kategorie:** Durchstarten ins Studium

7. **Küstenökosysteme als Klimasenken**
   - **Datum:** 29. Januar 2025, 18:15 - 19:45
   - **Ort:** Gebäude 02, Raum E04
   - **Veranstalter:** Institut für Geographie
   - **Kategorie:** Kolloquien
   - **Referent:** Dr. Michael Fink, Universität Hamburg

Für weitere Informationen und eine vollständige Liste der Veranstaltungen können Sie den [Veranstaltungskalender der Universität Osnabrück](https://www.uni-osnabrueck.de/veranstaltungen/veranstaltungskalender/?no_cache=1) besuchen.","Here are some upcoming events at the University of Osnabrück:

1. **Neustart**  
   - **Date:** January 9, 2025  
   - **Time:** 16:30 - 17:00  
   - **Location:** Campus Caprivi  
   - **Organizer:** Zentrale Studienberatung Osnabrück (ZSB)  
   - **Description:** An event for students facing doubts about their studies, offering guidance and support.

2. **Das Niedersachsen-Technikum (Online Event)**  
   - **Date:** January 15, 2025  
   - **Time:** 16:00 - 16:30  
   - **Location:** Online  
   - **Organizer:** Zentrale Studienberatung Osnabrück (ZSB)  
   - **Description:** Information session for young women interested in STEM fields.

3. **Transdisziplinarität für eine transformative Nachhaltigkeitswissenschaft**  
   - **Date:** January 15, 2025  
   - **Time:** 18:15 - 19:45  
   - **Location:** Gebäude 02, Raum E04  
   - **Organizer:** Institut für Geographie  
   - **Description:** Guest lecture discussing the transformation of agricultural landscapes in response to climate change.

4. **Studieren in Osnabrück und Lingen (Online Event)**  
   - **Date:** January 22, 2025  
   - **Time:** 17:30 - 18:00  
   - **Location:** Online  
   - **Organizer:** Zentrale Studienberatung Osnabrück (ZSB)  
   - **Description:** Presentation for prospective students about studying in Osnabrück and Lingen.

5. **Demokratie - ein Auslaufmodell angesichts von Autokraten?**  
   - **Date:** January 26, 2025  
   - **Time:** 11:30 - 13:00  
   - **Location:** Kultur-Lounge Blue Note  
   - **Organizer:** Philosophisches Café  
   - **Description:** Discussion on the state of democracy in the face of rising autocracies.

6. **Lehramtsstudium in Osnabrück (Online Event)**  
   - **Date:** January 27, 2025  
   - **Time:** 17:30 - 18:00  
   - **Location:** Online  
   - **Organizer:** Zentrale Studienberatung Osnabrück (ZSB)  
   - **Description:** Information session about teacher training programs.

7. **Küstenökosysteme als Klimasenken**  
   - **Date:** January 29, 2025  
   - **Time:** 18:15 - 19:45  
   - **Location:** Gebäude 02, Raum E04  
   - **Organizer:** Institut für Geographie  
   - **Description:** Guest lecture on coastal ecosystems and their role in climate neutrality.

For more details, you can visit the [event calendar](https://www.uni-osnabrueck.de/veranstaltungen/veranstaltungskalender/?no_cache=1).","https://www.uni-osnabrueck.de/veranstaltungen/veranstaltungskalender/?no_cache=1;https://www.uni-osnabrueck.de/veranstaltungen/zentrale-veranstaltungen/;https://www.uni-osnabrueck.de/studium/im-studium/veranstaltungssuche/;https://www.uni-osnabrueck.de/universitaet/zahlendatenfakten/veranstaltungsverzeichnis/","https://www.uni-osnabrueck.de/veranstaltungen/veranstaltungskalender/?no_cache=1;https://tickets.uni-osnabrueck.de/;https://www.informatik.uni-osnabrueck.de/studium/veranstaltungen/aktuelle_veranstaltungen.html;https://www.ev-theologie.uni-osnabrueck.de/veranstaltungen.html","2025-01-09 13:39:44.856609"
"196","Was sind die Semesterdaten?","What are the semester dates?","Hier sind die Semesterdaten für die Universität Osnabrück:

### Sommersemester 2024
- **Semesterbeginn:** Montag, 01. April 2024
- **Beginn der Lehrveranstaltungen:** Dienstag, 02. April 2024
- **Ende der Lehrveranstaltungen:** Samstag, 06. Juli 2024
- **Semesterende:** Montag, 30. September 2024

### Wintersemester 2024/2025
- **Semesterbeginn:** Dienstag, 01. Oktober 2024
- **Einführungswoche:** Montag, 21. Oktober 2024 bis Samstag, 26. Oktober 2024
- **Beginn der regulären Lehrveranstaltungen:** Montag, 28. Oktober 2024
- **Weihnachtsferien:** Samstag, 21. Dezember 2024 bis Samstag, 04. Januar 2025
- **Ende der Lehrveranstaltungen:** Samstag, 15. Februar 2025
- **Semesterende:** Montag, 31. März 2025

### Sommersemester 2025
- **Semesterbeginn:** Dienstag, 01. April 2025
- **Beginn der Lehrveranstaltungen:** Montag, 14. April 2025
- **Ende der Lehrveranstaltungen:** Samstag, 19. Juli 2025
- **Semesterende:** Dienstag, 30. September 2025

### Wintersemester 2025/2026
- **Semesterbeginn:** Mittwoch, 01. Oktober 2025
- **Einführungswoche:** Montag, 06. Oktober 2025 bis Samstag, 11. Oktober 2025
- **Beginn der regulären Lehrveranstaltungen:** Montag, 13. Oktober 2025
- **Weihnachtsferien:** Samstag, 20. Dezember 2025 bis Samstag, 03. Januar 2026
- **Ende der Lehrveranstaltungen:** Samstag, 31. Januar 2026
- **Semesterende:** Dienstag, 31. März 2026

Für weitere Informationen zu den Semesterdaten und Fristen können Sie die [offizielle Webseite der Universität Osnabrück](https://www.uni-osnabrueck.de/studieninteressierte/studienbeginn/termine-und-fristen/) besuchen.","Here are the semester dates for the University of Osnabrück:

### Summer Semester 2024
- **Semester Start:** Monday, April 1, 2024
- **Start of Classes:** Tuesday, April 2, 2024
- **End of Classes:** Saturday, July 6, 2024
- **Semester End:** Monday, September 30, 2024

### Winter Semester 2024/2025
- **Semester Start:** Tuesday, October 1, 2024
- **Orientation Week:** Monday, October 21, 2024 - Saturday, October 26, 2024
- **Start of Regular Classes:** Monday, October 28, 2024
- **Christmas Break:** Saturday, December 21, 2024 - Saturday, January 4, 2025
- **End of Classes:** Saturday, February 15, 2025
- **Semester End:** Monday, March 31, 2025

### Summer Semester 2025
- **Semester Start:** Tuesday, April 1, 2025
- **Start of Classes:** Monday, April 14, 2025
- **End of Classes:** Saturday, July 19, 2025
- **Semester End:** Tuesday, September 30, 2025

For more detailed information, you can visit the [official page on semester dates](https://www.uni-osnabrueck.de/studieninteressierte/studienbeginn/termine-und-fristen/#c7619).","https://www.uni-osnabrueck.de/studieninteressierte/studienbeginn/termine-und-fristen/;https://www.uni-osnabrueck.de/studieninteressierte/studienbeginn/kosten/;https://www.asta.uni-osnabrueck.de/service/semesterticket;https://www.uni-osnabrueck.de/studieninteressierte/bewerbung/online-bewerbung/","https://www.uni-osnabrueck.de/studieninteressierte/studienbeginn/termine-und-fristen/;https://www.sport.uni-osnabrueck.de/studium/termine_und_fristen.html;https://www.lili.uni-osnabrueck.de/institut_fuer_romanistiklatinistik/romanistik/studium/freie_seiten_und_datensaetze/termine_und_fristen.html;https://www.wiwi.uni-osnabrueck.de/studium/termine.html","2025-01-09 13:39:44.856609"
"113","Ich arbeite als Werkstudent, kann ich als Tutor auf minijob basis arbeiten?","I work as a working student, can I work as a tutor on a mini job basis?","Um Ihnen eine präzise Antwort auf Ihre Frage zu geben, benötige ich weitere Informationen. Insbesondere wäre es hilfreich zu wissen, ob Sie an der Universität Osnabrück studieren und ob es spezifische Regelungen oder Anforderungen für Tutoren an Ihrer Fakultät gibt. 

Könnten Sie mir bitte mehr Details dazu geben?","As a working student at the University of Osnabrück, you can work as a tutor on a mini-job basis. This is a common arrangement for students who wish to earn additional income while studying. However, it's important to ensure that your total working hours comply with the regulations for working students in Germany, which typically allow for a maximum of 20 hours per week during the semester.

If you have any specific questions about the application process for tutoring positions or need further assistance, feel free to ask!","","https://www.uni-osnabrueck.de/fileadmin/documents/public/4_forschung/4.3_nachwuchsfoerderung/zepros/Infothek/buwin-2017.pdf;https://www.psychologie-cms.uni-osnabrueck.de/fileadmin/doc-lehreval/TB9_TextGest16.pdf;https://osnadocs.ub.uni-osnabrueck.de/bitstream/urn:nbn:de:gbv:700-202002192601/6/thesis_mueller.pdf;None","2025-01-09 13:39:44.856609"
"341","Wann und wie läuft das Anmeldeverfahren ab? ","When and how does the registration process take place?","Das Anmeldeverfahren an der Universität Osnabrück für das Sommersemester 2025 beginnt am **02. Dezember 2024** mit der Öffnung des Online-Bewerbungsportals. Ab diesem Zeitpunkt können Sie sich für einen Studienplatz in einem zulassungsbeschränkten Studiengang online bewerben oder sich für einen zulassungsfreien Studiengang online einschreiben.

### Wichtige Schritte im Anmeldeverfahren:

1. **Bewerbung**:
   - Bewerbungen für zulassungsbeschränkte Studiengänge müssen über das [Online-Bewerbungsportal](https://hisinone.dienste.uni-osnabrueck.de/qisserver/pages/cs/sys/portal/hisinoneStartPage.faces) der Universität Osnabrück eingereicht werden.
   - Erforderliche Unterlagen sind im Portal hochzuladen, postalische Einreichungen sind nicht mehr notwendig.

2. **Zulassung**:
   - Nach der fristgerechten Einreichung werden die Bewerbungen auf Vollständigkeit geprüft. Bei positiver Prüfung erfolgt die Zulassung, die im Bewerbungsportal als Statusänderung angezeigt wird.

3. **Einschreibung (Immatrikulation)**:
   - Wenn Sie den Platz annehmen möchten, erfolgt die Immatrikulation ebenfalls online über das Bewerbungsportal. Auch hier müssen keine Unterlagen postalisch eingereicht werden, sondern im Portal hochgeladen werden.

### Fristen für das Sommersemester 2025:
- **Zulassungsbeschränkte grundständige Studiengänge**: 02.12.2024 - 15.01.2025
- **Zulassungsfreie grundständige Studiengänge**: 02.12.2024 - 31.03.2025
- **Masterstudiengänge**: 02.12.2024 - 15.01.2025 (je nach Studiengang variieren die Fristen)

### Weitere Informationen:
- Für detaillierte Informationen zu den Zulassungsbeschränkungen und spezifischen Studiengängen können Sie die [Zugangsvoraussetzungen](https://www.uni-osnabrueck.de/studieninteressierte/bewerbung/zugangsvoraussetzungen/) einsehen.
- Bei Fragen können Sie die Info-Line unter +49 541 969 7777 kontaktieren (Mo-Do 9-16 Uhr, Fr 9-14 Uhr).

Für weitere Details und aktuelle Informationen besuchen Sie bitte die [offizielle Webseite der Universität Osnabrück](https://www.uni-osnabrueck.de/studieninteressierte/bewerbung/online-bewerbung/).","The registration process (Immatrikulation) at the University of Osnabrück for the summer semester 2025 begins on **December 2, 2024**, when the application portal opens. Here’s a detailed overview of the process:

1. **Application Submission**:
   - You can apply for a study place in restricted admission programs or enroll in unrestricted programs online through the [Online Application Portal](https://hisinone.dienste.uni-osnabrueck.de/qisserver/pages/cs/sys/portal/hisinoneStartPage.faces?page=Bewerbende).
   - Required documents must be uploaded in PDF format within the specified deadlines. No postal submission is necessary.

2. **Admission Process**:
   - All applications will be checked for completeness and eligibility by the Student Secretariat. If approved, you will receive a status change in the application portal indicating your admission.
   - The formal admission notice will be sent electronically if you have consented to this.

3. **Enrollment (Immatrikulation)**:
   - If you accept the offered place, you will complete the enrollment process online through the application portal. Again, no postal documents are required; you will upload them within the deadline specified in your admission notice.
   - After verification of your documents, you will be officially enrolled and receive a welcome letter with further information about your studies, including access to university services.

4. **Important Dates**:
   - **Application Period for Restricted Admission Programs**: December 2, 2024 - January 15, 2025.
   - **Application Period for Unrestricted Admission Programs**: December 2, 2024 - March 31, 2025.

5. **Additional Information**:
   - For more details on the application process, including specific requirements for different programs, you can visit the [University of Osnabrück's application page](https://www.uni-osnabrueck.de/studieninteressierte/bewerbung/online-bewerbung/).

If you have any further questions or need assistance with specific aspects of the application process, feel free to ask!","https://www.uni-osnabrueck.de/studieninteressierte/bewerbung/online-bewerbung/;https://myuos.uni-osnabrueck.de/;https://www.uni-osnabrueck.de/forschung/nachwuchsfoerderung/zepros/anmeldung/;https://www.uni-osnabrueck.de/entwuerfe-d5-alt/online-bewerbung-neu/","https://www.uni-osnabrueck.de/studieninteressierte/bewerbung/online-bewerbung/;https://www.uni-osnabrueck.de/studieninteressierte/studienbeginn/termine-und-fristen/;https://www.uni-osnabrueck.de/studieninteressierte/studieninteressierte-aus-dem-ausland/zulassung/einschreibung/;https://www.uni-osnabrueck.de/universitaet/organisation/international-office/foerderprogramme-infos-veranstaltungen/aktuelles-fuer-internationale-studierende-news-for-international-students/","2025-01-09 13:39:44.856609"
